{
    "now": "2025-11-08T16:01:15.867Z",
    "perfNow": 70982301.20000002,
    "diagnosticCorrelation": "df518d09-ca6c-4e70-b974-9a41f9c742eb",
    "source": "DownloadSupportFiles",
    "environment": {
        "productName": "adf",
        "buildVersion": "1.0.102825.7",
        "environmentType": 3,
        "resourceName": "retaildatasales",
        "resourceRegion": "francecentral",
        "resourceGroup": "priscilla",
        "subscriptionId": "22490f9b-3c78-44de-9753-7336b61d4527",
        "sessionId": "O4ZixCCe7vHNBIhbgo+Tx0",
        "operationId": "",
        "gitType": "live",
        "loggingKey": "85f92e69-4660-4dcd-a8bb-d5dd124d3392"
    },
    "additionalInfo": {
        "selectedResource": "dataflow1",
        "selectedResourceType": "dataflow"
    }
}