{
    "name": "dataflow1",
    "properties": {
        "type": "MappingDataFlow",
        "typeProperties": {
            "sources": [
                {
                    "dataset": {
                        "referenceName": "TrainCSV_Raw",
                        "type": "DatasetReference"
                    },
                    "name": "source1"
                }
            ],
            "sinks": [
                {
                    "dataset": {
                        "referenceName": "TrainCSV_Clean",
                        "type": "DatasetReference"
                    },
                    "name": "sink1"
                }
            ],
            "transformations": [
                {
                    "name": "select1"
                },
                {
                    "name": "derivedColumn1"
                },
                {
                    "name": "filter1",
                    "description": "Open == 1 && Sales_num > 0\n"
                }
            ],
            "scriptLines": [
                "source(output(",
                "          Store as string,",
                "          DayOfWeek as string,",
                "          Date as string,",
                "          Sales as string,",
                "          Customers as string,",
                "          Open as string,",
                "          Promo as string,",
                "          StateHoliday as string,",
                "          SchoolHoliday as string",
                "     ),",
                "     allowSchemaDrift: true,",
                "     validateSchema: false,",
                "     ignoreNoFilesFound: false) ~> source1",
                "source1 select(mapColumn(",
                "          Store,",
                "          DayOfWeek,",
                "          Date,",
                "          Sales,",
                "          Customers,",
                "          Open,",
                "          Promo,",
                "          StateHoliday,",
                "          SchoolHoliday",
                "     ),",
                "     skipDuplicateMapInputs: true,",
                "     skipDuplicateMapOutputs: true) ~> select1",
                "select1 derive(Sales_num = toInteger(Sales)\r",
                ",",
                "          Customers_num = toInteger(Customers)\r",
                ") ~> derivedColumn1",
                "derivedColumn1 filter(toInteger(Open) == 1 && Sales_num > 0",
                ") ~> filter1",
                "filter1 sink(allowSchemaDrift: true,",
                "     validateSchema: false,",
                "     skipDuplicateMapInputs: true,",
                "     skipDuplicateMapOutputs: true) ~> sink1"
            ]
        }
    }
}