{
    "name": "TrainCSV_Raw",
    "properties": {
        "linkedServiceName": {
            "referenceName": "AzureBlobStorage_Raw",
            "type": "LinkedServiceReference"
        },
        "annotations": [],
        "type": "DelimitedText",
        "typeProperties": {
            "location": {
                "type": "AzureBlobStorageLocation",
                "fileName": "train.csv",
                "container": "sales-raw"
            },
            "columnDelimiter": ",",
            "escapeChar": "\\",
            "firstRowAsHeader": true,
            "quoteChar": "\""
        },
        "schema": [
            {
                "name": "Store",
                "type": "String"
            },
            {
                "name": "DayOfWeek",
                "type": "String"
            },
            {
                "name": "Date",
                "type": "String"
            },
            {
                "name": "Sales",
                "type": "String"
            },
            {
                "name": "Customers",
                "type": "String"
            },
            {
                "name": "Open",
                "type": "String"
            },
            {
                "name": "Promo",
                "type": "String"
            },
            {
                "name": "StateHoliday",
                "type": "String"
            },
            {
                "name": "SchoolHoliday",
                "type": "String"
            }
        ]
    }
}