{
    "name": "TrainCSV_Clean",
    "properties": {
        "linkedServiceName": {
            "referenceName": "AzureBlobStorage_Priscilla",
            "type": "LinkedServiceReference"
        },
        "annotations": [],
        "type": "DelimitedText",
        "typeProperties": {
            "location": {
                "type": "AzureBlobStorageLocation",
                "fileName": "train_clean.csv",
                "container": "sales-clean"
            },
            "columnDelimiter": ",",
            "escapeChar": "\\",
            "firstRowAsHeader": true,
            "quoteChar": "\""
        },
        "schema": []
    }
}